name,place ID,coordinates,business types,n_restaurants,n_grocery,n_retail,n_entertainment,n_religious,n_industry
Planet Bike,ChIJ_____2peXIYRRU3U8g2DSO8,"29.49110259999999, -98.6140307","['bicycle_store', 'point_of_interest', 'store', 'establishment']",14,1,0,0,0,0
C D Tire Corporation,ChIJMbNwhzRfXIYR2T10zTPcTDk,"29.426993, -98.5113901","['car_repair', 'point_of_interest', 'store', 'establishment']",20,0,0,0,0,0
Family Dollar,ChIJMf3PWBVZXIYRXopB5Hq3AYI,"29.39835129999999, -98.54957050000002","['supermarket', 'grocery_or_supermarket', 'food', 'point_of_interest', 'clothing_store', 'store', 'establishment']",18,0,0,0,0,0
House of Freedom International Ministries,ChIJkQW3jwNZXIYRtOYEhb44av8,"29.3692058, -98.5492151","['church', 'place_of_worship', 'point_of_interest', 'establishment']",15,0,0,0,0,0
San Antonio First Church (SAF Church),ChIJeQ10kWdgXIYREwM-d6QCC5A,"29.5376479, -98.5185779","['church', 'place_of_worship', 'food', 'point_of_interest', 'establishment']",20,0,0,0,0,0
Bethany Missionary Baptist Church,ChIJ9RWBLfdbXIYRRbuuNyw5a6s,"29.4136701, -98.5851664","['church', 'place_of_worship', 'point_of_interest', 'establishment']",5,0,0,0,0,0
Triple R DC Experts,ChIJXbTZhcT2XIYR6ka42VCnG-k,"29.3982208, -98.4123765","['car_repair', 'point_of_interest', 'establishment']",14,0,0,0,0,0
Golden Corral Buffet & Grill,ChIJ6ahY-t_3XIYREYedfBHYs6k,"29.3569545, -98.48377219999999","['restaurant', 'food', 'point_of_interest', 'establishment']",20,0,0,0,0,0
Fiesta Fellowship,ChIJb1LSd7leXIYRF4OJ8g2UdNI,"29.435626, -98.55477599999999","['church', 'place_of_worship', 'point_of_interest', 'establishment']",20,0,0,0,0,0
Discount Tire,ChIJdaT99CheXIYRsaT6tnaDFsA,"29.511381, -98.537607","['car_repair', 'point_of_interest', 'store', 'establishment']",19,0,0,0,0,0
Redemption Independent Baptist,ChIJ1_jzqbRfXIYRd6PmHjjwecQ,"29.4855213, -98.5272633","['church', 'place_of_worship', 'point_of_interest', 'establishment']",20,0,0,0,0,0
Travis Park Church,ChIJ3YtrY1NfXIYRB3bO3cD8YEg,"29.4270748, -98.4898585","['tourist_attraction', 'church', 'place_of_worship', 'point_of_interest', 'establishment']",20,0,0,0,0,0
JDJ Meat Distribution,ChIJER7adcX5XIYRXTRW6_duLvI,"29.3227749, -98.4282897","['supermarket', 'grocery_or_supermarket', 'food', 'point_of_interest', 'store', 'establishment']",4,0,0,0,0,0
John's Imports,ChIJwWg6LnVaXIYR38ACR5uvj5k,"29.3290311, -98.5936285","['car_dealer', 'car_repair', 'point_of_interest', 'store', 'establishment']",0,0,0,0,0,0
Rivas Tire & Auto Sales,ChIJGfge-LFZXIYRYxiJFn8_2Cw,"29.3642496, -98.5337169","['car_dealer', 'car_repair', 'point_of_interest', 'store', 'establishment']",20,0,0,0,0,0
Destiny Church,ChIJB_9h-5tgXIYR-uOzxeT0T00,"29.52036, -98.544292","['church', 'place_of_worship', 'point_of_interest', 'establishment']",2,0,0,0,0,0
Sam's Club Tire & Battery,ChIJL1nJo3r3XIYRbPcpxFRtATk,"29.3481703, -98.43092589999999","['car_repair', 'point_of_interest', 'store', 'establishment']",20,0,0,0,0,0
Three Amigos Grocery,ChIJ26d8RadeXIYRiHrpLy2qhGk,"29.4367515, -98.5715187","['supermarket', 'grocery_or_supermarket', 'food', 'point_of_interest', 'store', 'establishment']",13,0,0,0,0,0
Popeyes Louisiana Kitchen,ChIJS5mqIa_2XIYRoABjAfSJu28,"29.4236539, -98.40512919999999","['restaurant', 'food', 'point_of_interest', 'establishment']",19,0,0,0,0,0
St. Paul Catholic Church,ChIJp63PBl9eXIYR5KW70VOtqJE,"29.4703082, -98.548311","['church', 'place_of_worship', 'point_of_interest', 'establishment']",2,0,0,0,0,0
Cielo Services,ChIJCYkCGzLxXIYRrFofyLcQADM,"29.3977778, -98.3916667","['car_repair', 'point_of_interest', 'establishment']",20,0,0,0,0,0
Bicycle Heaven,ChIJ8aH6GGVgXIYRPVSkqaEShuQ,"29.528905, -98.518993","['bicycle_store', 'point_of_interest', 'store', 'establishment']",14,0,0,0,0,0
O'Reilly Auto Parts,ChIJBeck5Ur2XIYRma5l11Oxq9g,"29.3825187, -98.4599843","['electronics_store', 'car_repair', 'point_of_interest', 'store', 'establishment']",20,0,0,1,0,0
Bill Miller's Laguna Madre Seafood Company,ChIJK6AxLm1YXIYRo_mz-wh1TH8,"29.3562577, -98.49730249999999","['restaurant', 'food', 'point_of_interest', 'establishment']",20,0,0,0,0,0
Little Caesars Pizza,ChIJKzWCzWFaXIYRlFxJZdsziKI,"29.3465, -98.61313","['meal_delivery', 'meal_takeaway', 'restaurant', 'food', 'point_of_interest', 'establishment']",10,0,0,0,0,0
Greer Street Church of God,ChIJZa4CzU72XIYR3THaUEiUEdU,"29.3891233, -98.4566827","['church', 'place_of_worship', 'point_of_interest', 'establishment']",13,0,0,0,0,0
Target Grocery,ChIJC29B0xlZXIYRj8B2MXKJuPc,"29.3557763, -98.54303039999999","['grocery_or_supermarket', 'supermarket', 'food', 'point_of_interest', 'store', 'establishment']",20,0,0,0,0,0
Gonzalez Auto Parts #08,ChIJ70kD0_H2XIYRDDWZAqdWa10,"29.397748, -98.42985399999999","['car_repair', 'point_of_interest', 'store', 'establishment']",9,0,0,0,0,0
Trader Joe's,ChIJB11XHF71XIYRVjEdtcHwWhU,"29.496703, -98.47803019999999","['grocery_or_supermarket', 'florist', 'supermarket', 'liquor_store', 'food', 'health', 'point_of_interest', 'store', 'establishment']",20,0,1,1,0,0
San Antonio For Christ,ChIJ0W_1DeNZXIYRqse6OrPptHw,"29.3326871, -98.55937619999999","['church', 'place_of_worship', 'point_of_interest', 'establishment']",5,0,0,0,0,0
Take 5 Oil Change,ChIJZ_fGYDLxXIYRRbNnwP52muo,"29.3979908, -98.3936653","['car_repair', 'point_of_interest', 'establishment']",20,0,0,0,0,0
Pedego Electric Bikes San Antonio,ChIJhTrhhN31XIYRfWj2wnnOUIc,"29.4634168, -98.4657374","['bicycle_store', 'point_of_interest', 'store', 'establishment']",20,0,0,0,0,0
Jason's Deli,ChIJiSvJZQZgXIYRnvVboooYS2Y,"29.5213757, -98.49377170000001","['restaurant', 'food', 'point_of_interest', 'establishment']",20,0,0,0,0,0
AutoZone Auto Parts,ChIJLVrUrGdnXIYRCe2Uf3ifYzM,"29.52022879999999, -98.5965322","['car_repair', 'point_of_interest', 'store', 'establishment']",20,0,0,0,0,0
Temple of God Full Gospel,ChIJ3YZAdab3XIYRLYqfS9-B3AM,"29.369028, -98.445758","['church', 'place_of_worship', 'point_of_interest', 'establishment']",20,0,0,1,0,0
Hard Rock Cafe,ChIJpRYLVKtYXIYRkiYLb7JtPlg,"29.4252393, -98.4891711","['restaurant', 'food', 'point_of_interest', 'establishment']",20,0,0,0,0,0
March Avenue Baptist Church,ChIJW3ywf-L3XIYRo4yYbRnf9HQ,"29.348061, -98.484116","['church', 'place_of_worship', 'point_of_interest', 'establishment']",20,0,0,0,0,0
Walmart Auto Care Centers,ChIJ1_AlVTDxXIYRJxZO4DQKC4U,"29.4004358, -98.38604579999999","['car_repair', 'point_of_interest', 'store', 'establishment']",20,1,0,0,0,0
Igniting The Harvest Church,ChIJM-Vy8v1bXIYR2mEocmTAPHI,"29.4111618, -98.5736835","['church', 'place_of_worship', 'point_of_interest', 'establishment']",10,0,0,0,0,0
Family Dollar,ChIJ-UpNZaBfXIYRKNwrS3_MrKw,"29.4709136, -98.5084737","['supermarket', 'grocery_or_supermarket', 'food', 'point_of_interest', 'clothing_store', 'store', 'establishment']",20,1,0,0,0,0
St. Benedict Catholic Church,ChIJSRJhALT2XIYRa_MmbevDO0o,"29.4144156, -98.40307109999999","['church', 'place_of_worship', 'point_of_interest', 'establishment']",8,0,0,0,0,0
Universal Auto Glass,ChIJV44m8VFZXIYRhZwcSu8wcE8,"29.414509, -98.56203699999999","['car_repair', 'point_of_interest', 'establishment']",20,0,0,0,0,0
La Fiesta,ChIJFSlgwQn3XIYR3gqZrmcY2VM,"29.3666667, -98.43972219999999","['supermarket', 'grocery_or_supermarket', 'food', 'point_of_interest', 'store', 'establishment']",20,0,0,1,0,0
Olive Garden Italian Restaurant,ChIJAUIwRylNW4YRuRKWGZ8G8ik,"29.507527, -98.397301","['meal_takeaway', 'bar', 'restaurant', 'food', 'point_of_interest', 'establishment']",20,0,0,0,0,0
Ancira Kia,ChIJPZJmgbtdXIYRQrMMgUCuN4o,"29.48721, -98.60686539999999","['car_dealer', 'car_repair', 'point_of_interest', 'store', 'establishment']",20,0,0,0,0,0
Subway,ChIJq1ch6l9XXIYRrCgWLD6DtJ4,"29.32174, -98.55429269999999","['meal_takeaway', 'restaurant', 'food', 'point_of_interest', 'establishment']",13,0,0,0,0,0
Faith Missionary Baptist Church,ChIJn4pf7WDzXIYR_m2S3b8GJuU,"29.499095, -98.393068","['church', 'place_of_worship', 'point_of_interest', 'establishment']",11,1,0,0,0,0
Dunkin',ChIJzcXNQ1rzXIYRtjXPijqgMOE,"29.5106879, -98.3893234","['bakery', 'meal_takeaway', 'cafe', 'restaurant', 'food', 'point_of_interest', 'store', 'establishment']",20,0,0,0,0,0
TriPoint - A Center for Life,ChIJ6QHt9on1XIYR0kK-7a4ONKk,"29.4547268, -98.4834736","['church', 'place_of_worship', 'point_of_interest', 'establishment']",20,0,0,0,0,0
Caliber Collision,ChIJ_W4UVf_1XIYRVrlk2AtezW4,"29.4318978, -98.4839464","['car_repair', 'point_of_interest', 'establishment']",20,0,0,1,0,0
Paul D Hooks Automotive Inc,ChIJU_HglPZdXIYRGaChCTvpOZQ,"29.5062217, -98.58761729999999","['car_repair', 'point_of_interest', 'establishment']",20,0,0,0,0,0
The Smokehouse,ChIJlw5X3fb2XIYRSzzVCqpatYU,"29.3977065, -98.4362814","['restaurant', 'food', 'point_of_interest', 'establishment']",11,0,0,0,0,0
Flores tire & muffler shop,ChIJyzFFyGtfXIYRH3mA2WXFQ08,"29.4267202, -98.5719943","['car_repair', 'point_of_interest', 'store', 'establishment']",20,0,0,0,0,0
South Memorial Christian Church,ChIJPWSZXAdYXIYR3Gr_yetSrG0,"29.3404179, -98.48471719999999","['church', 'place_of_worship', 'point_of_interest', 'establishment']",1,0,0,0,0,0
Advance Auto Parts,ChIJCwonxEz2XIYROkSgfCgY28Q,"29.3837877, -98.4554601","['car_repair', 'point_of_interest', 'store', 'establishment']",20,0,0,1,0,0
TrailerMax,ChIJbZnlJynxXIYRaiNq3r7a6lg,"29.3907072, -98.3883276","['car_repair', 'point_of_interest', 'establishment']",16,1,0,0,0,0
Iglesia Vision Y Restauracion,ChIJB5kN44deXIYRmQSGcqecrW8,"29.4660988, -98.5611648","['church', 'place_of_worship', 'point_of_interest', 'establishment']",20,0,0,0,0,0
Volkswagen of Alamo Heights,ChIJbSNjByz1XIYRVEWv7v1GPgc,"29.51533690000001, -98.44579309999999","['car_dealer', 'car_repair', 'point_of_interest', 'store', 'establishment']",19,0,0,0,0,0
Las Canarias,ChIJK8UsNlNfXIYRi1qjMU6JaQ8,"29.4257692, -98.4906338","['bar', 'restaurant', 'food', 'point_of_interest', 'establishment']",20,0,0,0,0,0
AutoZone Auto Parts,ChIJZaxBpE5ZXIYRH5bPEjnGIZU,"29.41486209999999, -98.55657869999999","['car_repair', 'point_of_interest', 'store', 'establishment']",20,0,0,0,0,0
St John Berchmans Church,ChIJs_oEvGpZXIYRz_jGM1-oR6I,"29.3973355, -98.5505776","['place_of_worship', 'church', 'point_of_interest', 'establishment']",18,0,0,0,0,0
World Car Kia San Antonio,ChIJje7PC0FeXIYRfg5taU3R0f4,"29.48672109999999, -98.5476341","['car_dealer', 'car_repair', 'point_of_interest', 'store', 'establishment']",20,0,0,1,0,0
Rios Meat Market,ChIJiXapIMxZXIYR3GeHOrqxhx4,"29.3462932, -98.5337496","['supermarket', 'grocery_or_supermarket', 'food', 'point_of_interest', 'store', 'establishment']",15,0,0,0,0,0
Low Price Auto Glass,ChIJb_tMkRVXXIYRbzlQXLf2L6s,"29.30117899999999, -98.548672","['car_repair', 'point_of_interest', 'establishment']",2,0,0,0,0,0
Northside Chevrolet,ChIJ_7PgVg5gXIYRlg9tefD7X0Q,"29.5259118, -98.4980205","['finance', 'car_dealer', 'car_repair', 'point_of_interest', 'store', 'establishment']",20,0,0,0,0,0
Philadelphia Seventh-Day Adventist Church,ChIJD_yUR8z2XIYRc3xzTgLCN-w,"29.4005025, -98.4003266","['church', 'place_of_worship', 'point_of_interest', 'establishment']",20,0,0,0,0,0
Los Patios,ChIJZSE7F9L0XIYRjskmPbYpToY,"29.5200023, -98.4312133","['restaurant', 'food', 'point_of_interest', 'establishment']",4,0,0,0,0,0
Gateway Baptist Church,ChIJ48WEklVaXIYRPsfOtPJIeRg,"29.367308, -98.61565739999999","['church', 'place_of_worship', 'point_of_interest', 'establishment']",3,0,0,0,0,0
Certifit Auto Body Parts,ChIJqeZiDXz0XIYRxioZkIOiUjw,"29.4709745, -98.40356129999999","['car_repair', 'point_of_interest', 'store', 'establishment']",0,0,0,0,0,0
Burger King,ChIJ4Z5Ha931XIYRTXPucPulHZM,"29.4372196, -98.4612899","['restaurant', 'food', 'point_of_interest', 'establishment']",20,0,0,0,0,0
Lively Stone International Christian,ChIJY4Cj7Xr2XIYRV129Zk3C1RA,"29.4181428, -98.44958919999999","['church', 'place_of_worship', 'point_of_interest', 'establishment']",12,0,0,0,0,0
The Salvation Army Center of Hope Corps Worship Center,ChIJg8uSEU9fXIYRiob_OoUfKx4,"29.4346717, -98.4982799","['church', 'place_of_worship', 'point_of_interest', 'establishment']",20,1,0,0,0,0
Confraternidad de Iglesias Cristianas USA,ChIJKcLfHa9eXIYR3oepGgcL-wk,"29.4293515, -98.5651336","['church', 'place_of_worship', 'point_of_interest', 'establishment']",20,0,0,0,0,0
Family Dollar,ChIJU_GBQ2dnXIYRW2KroJgZCxE,"29.5189773, -98.59566459999999","['supermarket', 'grocery_or_supermarket', 'liquor_store', 'food', 'point_of_interest', 'clothing_store', 'store', 'establishment']",20,0,0,0,0,0
River of Life Church,ChIJRRmYSQH3XIYRCB67XHxGVII,"29.3773548, -98.4359913","['church', 'place_of_worship', 'point_of_interest', 'establishment']",1,0,0,0,0,0
Nelson Performance,ChIJz_gi1A34XIYR0zFpjOmST6w,"29.316567, -98.4756969","['car_repair', 'point_of_interest', 'establishment']",16,0,0,0,0,0
Kingdom Hall of Jehovah's Witnesses,ChIJFaJQqadYXIYRP3hfDBDCZk4,"29.41147699999999, -98.486621","['church', 'place_of_worship', 'point_of_interest', 'establishment']",20,0,0,0,0,0
Oblate Missions,ChIJWW2j7udfXIYRWjHYv9XpZo0,"29.5046432, -98.5009266","['church', 'place_of_worship', 'point_of_interest', 'establishment']",20,0,0,0,0,0
Walgreen's,ChIJbzBNcqdfXIYRAgNDlpe9LpE,"29.505051, -98.50011119999999","['supermarket', 'grocery_or_supermarket', 'food', 'point_of_interest', 'store', 'establishment']",20,0,0,0,0,0
Blue Star Bike Shop,ChIJ7Q2ZLrtYXIYR5lRVYOpJQBg,"29.4096631, -98.4953457","['bicycle_store', 'point_of_interest', 'store', 'establishment']",20,0,0,1,0,0
Hung Phong Oriental Market,ChIJf7V8TmLzXIYRITVAhzhLwJc,"29.492731, -98.39401009999999","['supermarket', 'grocery_or_supermarket', 'food', 'point_of_interest', 'store', 'establishment']",9,1,0,0,0,0
Abundant Life Church Of God - City Base,ChIJkzULXuv3XIYRICZ-RvacSqI,"29.3524683, -98.4635855","['church', 'place_of_worship', 'point_of_interest', 'establishment']",12,1,0,0,0,0
Fort Sam Houston Commissary,ChIJWQZt6Mn1XIYReULyDYj8p9I,"29.4488165, -98.44658539999999","['grocery_or_supermarket', 'supermarket', 'food', 'point_of_interest', 'store', 'establishment']",17,0,0,0,0,0
Hooters,ChIJbxMhgapYXIYRzseSNP_gcTo,"29.4242768, -98.4851123","['meal_takeaway', 'bar', 'restaurant', 'food', 'point_of_interest', 'establishment']",20,0,0,0,0,0
Thad Ziegler Glass,ChIJHz1ybIBgXIYRe5mLLzZFfMc,"29.51666, -98.52915399999999","['car_repair', 'point_of_interest', 'establishment']",20,0,0,0,0,0
Gabriels Garage,ChIJ4e61a1NfXIYRx10BVDkhtA4,"29.4224535, -98.5639765","['car_repair', 'point_of_interest', 'establishment']",20,0,0,0,0,0
La Casa Del Alfarero (Church Of God 7th Day),ChIJcx4mS6leXIYRnqdtewUN0B4,"29.42762279999999, -98.56637169999999","['church', 'place_of_worship', 'point_of_interest', 'establishment']",20,0,0,0,0,0
Trinity Baptist Church,ChIJDX_sdGNfXIYRxxiwAOE2Ezw,"29.4570734, -98.48755919999999","['church', 'place_of_worship', 'point_of_interest', 'establishment']",20,0,0,0,0,0
Capitol Auto Parts,ChIJofuApuH3XIYRi1NW8kJJcWA,"29.352935, -98.48183300000001","['car_repair', 'point_of_interest', 'store', 'establishment']",20,0,0,0,0,0
First Choice International Supermarket,ChIJTzuYbL1dXIYR8oF1j7z1Mmk,"29.4850212, -98.6030483","['supermarket', 'grocery_or_supermarket', 'food', 'point_of_interest', 'store', 'establishment']",20,0,0,0,0,0
All American's Tire & Auto Repair,ChIJ8RCRe_FZXIYR-IPLhQsCaGQ,"29.4144006, -98.5627665","['car_repair', 'point_of_interest', 'establishment']",20,0,0,0,0,0
Epworth United Methodist Church,ChIJQZFIzgj3XIYRvbxyeJnrVPQ,"29.36926539999999, -98.4352852","['church', 'place_of_worship', 'point_of_interest', 'establishment']",20,0,0,1,0,0
St Bonaventure Church,ChIJSUaMW-BZXIYRQgP67M_VP1c,"29.3311111, -98.5519444","['church', 'place_of_worship', 'point_of_interest', 'establishment']",9,0,0,0,0,0
Discount Tire,ChIJvevdM3D3XIYRNxLYhDztwKs,"29.35117559999999, -98.430004","['car_repair', 'point_of_interest', 'store', 'establishment']",20,0,0,0,0,0
Perez Texaco,ChIJ7ZhowWBYXIYRbmQ5lLVZf3o,"29.373753, -98.50453","['car_repair', 'point_of_interest', 'establishment']",20,0,0,0,0,0
Arlan's Market,ChIJZ-5cL6leXIYRJomWOEHMi_Y,"29.4284233, -98.5668652","['grocery_or_supermarket', 'supermarket', 'food', 'point_of_interest', 'store', 'establishment']",20,0,0,0,0,0
Kum & Go,ChIJDYh_HW73XIYRPPKYbWWbvRw,"29.3956615, -98.4813863","['supermarket', 'grocery_or_supermarket', 'food', 'point_of_interest', 'store', 'establishment']",20,0,0,0,0,0
Ride Away Bicycles,ChIJPasMuTFdXIYRl9de3oXtqpQ,"29.5480183, -98.5813774","['bicycle_store', 'point_of_interest', 'store', 'establishment']",20,0,0,0,0,0
Subway,ChIJbVDlWkpZXIYR39_rqdD0MWk,"29.4180127, -98.55193279999999","['meal_takeaway', 'restaurant', 'food', 'point_of_interest', 'establishment']",20,0,0,0,0,0
St Joseph's Church,ChIJ5YHFuaNZXIYRUYMhQtwe6M8,"29.36796520000001, -98.5466524","['church', 'place_of_worship', 'point_of_interest', 'establishment']",15,0,0,0,0,0
Dip your whip customs,ChIJR_KwH_1ZXIYRiDUWzkRys7A,"29.4238037, -98.4935679","['car_repair', 'point_of_interest', 'establishment']",20,0,0,0,0,0
Walmart Supercenter,ChIJSWw8t-P0XIYRfzY2t3lU6eg,"29.4900674, -98.4374749","['department_store', 'supermarket', 'grocery_or_supermarket', 'electronics_store', 'home_goods_store', 'food', 'point_of_interest', 'clothing_store', 'store', 'establishment']",20,0,0,0,0,0
Mission Mitsubishi,ChIJ8eKtEBBgXIYRZiu2PSa6M2I,"29.5294095, -98.49616619999999","['car_dealer', 'car_repair', 'point_of_interest', 'store', 'establishment']",20,0,0,0,0,0
Denny's,ChIJEVwU-UpYXIYRnRjwr4G9n3A,"29.3559601, -98.5256213","['restaurant', 'food', 'point_of_interest', 'establishment']",20,0,0,1,0,0
"Rent-A-Tire Custom Wheels & Tires in San Antonio, TX",ChIJHxFUho1eXIYRkP_OC1ga8Tw,"29.4555556, -98.5541667","['car_repair', 'point_of_interest', 'store', 'establishment']",20,0,0,0,0,0
Boricua Food Market,ChIJ8d5Ox_r0XIYRUilnXuY9xuc,"29.4852933, -98.42804699999999","['grocery_or_supermarket', 'supermarket', 'food', 'point_of_interest', 'store', 'establishment']",14,0,0,0,0,0
St. Mary Magdalen Catholic Church,ChIJxS5KN6xfXIYRSH0BUnbyXC4,"29.4774382, -98.5234431","['church', 'place_of_worship', 'point_of_interest', 'establishment']",15,0,0,0,0,0
AutoZone Auto Parts,ChIJ84e1YKf3XIYRmkgnjhS9yY4,"29.3662889, -98.4410748","['car_repair', 'point_of_interest', 'store', 'establishment']",20,0,0,1,0,0
Custom Sounds & Tint - Walzem,ChIJl1_sG0XzXIYRwA9BP3Tm0ec,"29.5099028, -98.3856036","['electronics_store', 'car_repair', 'point_of_interest', 'store', 'establishment']",20,0,0,0,0,0
Wendy's,ChIJk7x0LsheXIYRcE3dAJmgx7A,"29.4307185, -98.5495533","['restaurant', 'food', 'point_of_interest', 'establishment']",20,0,0,0,0,0
La Margarita Mexican Restaurant & Oyster Bar,ChIJ44hzy0xfXIYRpsU8TsxP0hk,"29.4249299, -98.49907759999999","['restaurant', 'food', 'point_of_interest', 'establishment']",20,0,0,0,0,0
Texas Roadhouse,ChIJf4XP8pv3XIYRarsOwjrqW4s,"29.35248999999999, -98.44923","['restaurant', 'food', 'point_of_interest', 'establishment']",20,0,0,0,0,0
"Stewart & Stevenson | San Antonio, TX",ChIJycBI9-bzXIYRU1QEUfV3UMc,"29.440578, -98.37808299999999","['car_repair', 'point_of_interest', 'store', 'establishment']",4,0,0,0,0,0
Take 5 Oil Change,ChIJfRxJ_9_3XIYRpdLqW7wCKFE,"29.3567912, -98.484168","['car_repair', 'point_of_interest', 'establishment']",20,0,0,0,0,0
Rosario's Mexican Cafe Y Cantina (Southtown),ChIJEdIctahYXIYRXiT7Ak7uKYQ,"29.4153307, -98.4895943","['restaurant', 'food', 'point_of_interest', 'establishment']",20,0,0,0,0,0
Little Caesars Pizza,ChIJyT9j5Xb3XIYRNtOuEVs_LyM,"29.3516, -98.43673000000001","['meal_delivery', 'meal_takeaway', 'restaurant', 'food', 'point_of_interest', 'establishment']",20,0,0,0,0,0
Wingstop,ChIJEzvto7ZZXIYRGmIpDhRfkn4,"29.3583995, -98.53264209999999","['restaurant', 'food', 'point_of_interest', 'establishment']",20,0,0,1,0,0
St Gabriel Catholic Church,ChIJX1H4iAdcXIYRq29cdb8tA1w,"29.4195467, -98.5804411","['church', 'place_of_worship', 'point_of_interest', 'establishment']",14,0,0,0,0,0
Oscar's Automotive,ChIJExxTBqf3XIYR_YaE_Dbuxf0,"29.367713, -98.442568","['car_repair', 'point_of_interest', 'establishment']",20,0,0,1,0,0
Believers Christian Center,ChIJQWgW2Lf2XIYRABFibKutczY,"29.4084199, -98.405396","['church', 'place_of_worship', 'point_of_interest', 'establishment']",11,0,0,0,0,0
Family Dollar,ChIJCf-KsmhZXIYRalVydE5F4qU,"29.362628, -98.53459629999999","['supermarket', 'grocery_or_supermarket', 'food', 'point_of_interest', 'clothing_store', 'store', 'establishment']",20,0,0,0,0,0
Whole Foods Market,ChIJ7See-2D1XIYRHiz_DH2gQx0,"29.4957603, -98.4808168","['grocery_or_supermarket', 'supermarket', 'food', 'health', 'point_of_interest', 'store', 'establishment']",20,0,1,1,0,0
Church Peace Apostolic,ChIJ10CRIBpcXIYR-Af4XSHGzZw,"29.436694, -98.58148399999999","['church', 'place_of_worship', 'point_of_interest', 'establishment']",3,0,0,0,0,0
The Creamery At South Park,ChIJEVQIqbVZXIYRx1Y8A7zL7vs,"29.3551811, -98.531087","['meal_takeaway', 'restaurant', 'food', 'point_of_interest', 'store', 'establishment']",20,0,0,1,0,0
Cumberland Presbyterian Church,ChIJhRP7lYn2XIYRHrGrsLgUQzQ,"29.412734, -98.438671","['church', 'place_of_worship', 'point_of_interest', 'establishment']",9,0,0,0,0,0
San Antonio Alamo city collision,ChIJ03o9Oa1YXIYR1np8IpUQRgU,"29.4241219, -98.49362819999999","['car_repair', 'point_of_interest', 'establishment']",20,0,0,0,0,0
Alamo Access Used Auto Parts,ChIJawFoHKleXIYRUnoLEUnlseY,"29.4279559, -98.56904779999999","['car_repair', 'point_of_interest', 'store', 'establishment']",20,0,0,0,0,0
Car Key Maker New San Antonio TX,ChIJoUTK-GlZXIYRxAXhuAXaios,"29.423667, -98.49303599999999","['car_repair', 'locksmith', 'point_of_interest', 'establishment']",20,0,0,0,0,0
Chris Madrids,ChIJ2QQjnwxfXIYRe1f2EB5sCzE,"29.4642204, -98.507616","['bar', 'restaurant', 'food', 'point_of_interest', 'establishment']",20,1,0,0,0,0
Southwest Trailers,ChIJpZHtU92MXIYRBdva04ZzvsA,"29.5320108, -98.3894443","['car_repair', 'point_of_interest', 'store', 'establishment']",5,0,0,0,0,0
Jacob's Fan Industrial Commercial Exhaust,ChIJ1zJAwlNfXIYR2hRBlgAopRU,"29.4302841, -98.49076140000001","['car_repair', 'point_of_interest', 'establishment']",20,0,0,0,0,0
Spanish Christian Church,ChIJbQBZBp5fXIYRngVlV4UNLss,"29.4711568, -98.5008684","['church', 'place_of_worship', 'point_of_interest', 'establishment']",20,1,0,0,0,0
Saltgrass Steak House,ChIJq1Co16F4XIYRFVTSc1qyx9g,"29.42480669999999, -98.48868449999999","['restaurant', 'food', 'point_of_interest', 'establishment']",20,0,0,0,0,0
Family Dollar,ChIJE916TbJdXIYRbshAh38KMfc,"29.4678204, -98.60116599999999","['supermarket', 'grocery_or_supermarket', 'liquor_store', 'food', 'point_of_interest', 'clothing_store', 'store', 'establishment']",16,0,0,0,0,0
Firestone Complete Auto Care,ChIJPQiT7z9eXIYRslkthpt4s9Y,"29.49159049999999, -98.549313","['car_repair', 'point_of_interest', 'store', 'establishment']",20,0,0,1,0,0
KFC,ChIJ2ySpEjDxXIYRB2HDyIXcI3E,"29.398798, -98.3862432","['restaurant', 'food', 'point_of_interest', 'establishment']",20,1,0,0,0,0
Aquatic Interiors Unlimited,ChIJ91VM1x1gXIYRI3dAD3PrDJ4,"29.552206, -98.49062099999999","['aquarium', 'pet_store', 'food', 'point_of_interest', 'store', 'establishment']",6,0,0,0,0,0
NAPA Auto Parts - Genuine Parts Company,ChIJSUSe4gfzXIYRRQISfYx9Ttg,"29.48028489999999, -98.3635461","['car_repair', 'point_of_interest', 'store', 'establishment']",20,0,0,0,0,0
Pep Boys,ChIJy1VkI5NfXIYR2ftkO4jkRSc,"29.492669, -98.49854099999999","['car_repair', 'point_of_interest', 'store', 'establishment']",20,0,0,0,0,0
Harlandale Christian Church,ChIJJS-eQG9YXIYRrYox3fRM1DM,"29.3655507, -98.4995989","['church', 'place_of_worship', 'point_of_interest', 'establishment']",20,0,0,0,0,0
St. Joseph Parish,ChIJZ0uD76pYXIYR0kj3cgjEXzI,"29.42371020000001, -98.48640379999999","['tourist_attraction', 'church', 'place_of_worship', 'point_of_interest', 'establishment']",20,0,0,0,0,0
Draeger Ignition Interlock,ChIJhfcVQDf0XIYRfSULTohXrYo,"29.4480453, -98.43068219999999","['car_repair', 'point_of_interest', 'establishment']",2,0,0,0,0,0
Bynum Seventh-day Adventist Church Spanish,ChIJK7VTU4VZXIYRc8SnRTKRMEg,"29.3630457, -98.5611217","['church', 'place_of_worship', 'point_of_interest', 'establishment']",20,0,0,0,0,0
Family Dollar,ChIJNcCpzaj2XIYR6FgnBDX7qPI,"29.4249464, -98.40493040000001","['supermarket', 'grocery_or_supermarket', 'food', 'point_of_interest', 'clothing_store', 'store', 'establishment']",20,0,0,0,0,0
St Dominic Church,ChIJWdPqeLNdXIYRvgIiyk_Wqq8,"29.46712999999999, -98.600016","['church', 'place_of_worship', 'point_of_interest', 'establishment']",16,0,0,0,0,0
Velgon Foods LLC,ChIJ645XJuxfXIYRVdV6adTr4g0,"29.4994312, -98.49866659999999","['supermarket', 'grocery_or_supermarket', 'food', 'point_of_interest', 'store', 'establishment']",20,0,0,0,0,0
St. Jude Catholic Church,ChIJa_z61bZeXIYRM7RBbamBMMY,"29.43, -98.5547222","['church', 'place_of_worship', 'point_of_interest', 'establishment']",20,0,0,0,0,0
Kraft Foods Inc,ChIJFSH8ZQBgXIYRuvuztSiV9fM,"29.5187542, -98.4863778","['supermarket', 'grocery_or_supermarket', 'food', 'point_of_interest', 'store', 'establishment']",20,0,0,0,0,0
Buena Voluntad Baptist Church,ChIJt31ZmzZfXIYRoiRRbBqs1So,"29.430229, -98.509687","['church', 'place_of_worship', 'point_of_interest', 'establishment']",20,0,0,0,0,0
Mission San Francisco De La Espada Catholic Church,ChIJMecaSTf4XIYRAlw51UjUPZQ,"29.3177592, -98.45011389999999","['tourist_attraction', 'church', 'place_of_worship', 'point_of_interest', 'establishment']",0,0,0,0,0,0
Bohanan's Prime Steaks and Seafood,ChIJbYly-VJfXIYR47d6ljPzzxQ,"29.4267169, -98.4903776","['restaurant', 'food', 'point_of_interest', 'establishment']",20,0,0,0,0,0
Small Planet eBikes SATX,ChIJKxC9FqVYXIYRw4NriD3Z34U,"29.4117422, -98.493586","['bicycle_store', 'point_of_interest', 'store', 'establishment']",20,0,0,1,0,0
Our Lady of Grace Church,ChIJJaznuGRfXIYRT-NXwFWpVsE,"29.458981, -98.4910637","['church', 'place_of_worship', 'point_of_interest', 'establishment']",20,0,0,0,0,0
Family Dollar,ChIJg-etVZlZXIYRAh6AH_kU8lU,"29.369254, -98.5554923","['supermarket', 'grocery_or_supermarket', 'food', 'point_of_interest', 'clothing_store', 'store', 'establishment']",16,0,0,0,0,0
House of Prayer Lutheran Church,ChIJAyn887hgXIYRq1tD9wg65KQ,"29.5342765, -98.5582388","['church', 'place_of_worship', 'point_of_interest', 'establishment']",20,0,0,0,0,0
Wen Wah Chinese Restaurant,ChIJI-VXRnX2XIYR7oYnWmErSL8,"29.4260859, -98.4615809","['restaurant', 'food', 'point_of_interest', 'establishment']",19,0,0,0,0,0
Family Dollar,ChIJbYXNbEdgXIYRuSYYn9AXEsI,"29.5485866, -98.5079707","['supermarket', 'grocery_or_supermarket', 'food', 'point_of_interest', 'clothing_store', 'store', 'establishment']",20,0,0,0,0,0
Hooters,ChIJux_L21JnXIYRGNztKhjtvls,"29.521087, -98.5728681","['meal_takeaway', 'bar', 'restaurant', 'food', 'point_of_interest', 'establishment']",20,0,0,0,0,0
la Madeleine French Bakery & Cafe Huebner Oaks,ChIJmR5lgSVnXIYROhN0prqY_qM,"29.54810999999999, -98.58262099999999","['restaurant', 'bakery', 'cafe', 'food', 'point_of_interest', 'store', 'establishment']",20,0,0,0,0,0
Bienvenidos Iglesia Rios De Agua Viva,ChIJZQeJIVNZXIYR6TGzeNoXsFg,"29.419268, -98.5641934","['church', 'place_of_worship', 'point_of_interest', 'establishment']",20,0,0,0,0,0
Goodyear - Mike's Downtown Garage,ChIJh8vIEbJYXIYRSv7KPrejQAI,"29.420742, -98.4965521","['car_repair', 'point_of_interest', 'store', 'establishment']",20,0,0,0,0,0
Subway,ChIJg2u16Af4XIYRxu14HP7WOPA,"29.3228589, -98.4794625","['meal_takeaway', 'restaurant', 'food', 'point_of_interest', 'establishment']",20,0,0,0,0,0
Lone Star Chrysler Dodge Jeep RAM,ChIJubDlmvpZXIYRvM0WxduYG1M,"29.3396587, -98.56347459999999","['car_dealer', 'car_repair', 'point_of_interest', 'store', 'establishment']",2,0,0,0,0,0
St. Matthew's UMC Day School,ChIJ1aEpFteKXIYRcASvlKUl29U,"29.5303649, -98.44593809999999","['church', 'place_of_worship', 'school', 'point_of_interest', 'establishment']",4,0,0,0,0,0
Our Lady of Angels School,ChIJUUTBw1RYXIYR5e3H65hQLaY,"29.3727348, -98.5266843","['church', 'place_of_worship', 'point_of_interest', 'establishment']",13,0,0,0,0,0
Shepherd of the Hills Lutheran Church,ChIJJ2rhkO1dXIYR_iB8VomC-7g,"29.4982392, -98.589254","['church', 'place_of_worship', 'point_of_interest', 'establishment']",17,0,0,0,0,0
Bible Baptist Church,ChIJbQRB80BYXIYRmJYeEB5Vkb8,"29.3564005, -98.50932859999999","['church', 'place_of_worship', 'point_of_interest', 'establishment']",20,0,0,0,0,0
Valero,ChIJiUKJHExZXIYR06rfKZRtlUU,"29.4155917, -98.556466","['gas_station', 'car_repair', 'point_of_interest', 'establishment']",20,0,0,0,0,0
Magic Tire Sales,ChIJAQAkczmKXIYRv2wS3EehYwo,"29.4262803, -98.4935402","['car_repair', 'point_of_interest', 'store', 'establishment']",20,0,0,0,0,0
Bush's Chicken,ChIJM7vJBL5ZXIYRZjrxAqA8fWs,"29.3578608, -98.54978229999999","['restaurant', 'food', 'point_of_interest', 'establishment']",20,0,0,0,0,0
Immaculate Heart of Mary Catholic Church,ChIJQbgW9LNYXIYRukZ6UrjxJtU,"29.4197546, -98.50054709999999","['church', 'place_of_worship', 'point_of_interest', 'establishment']",20,0,0,0,0,0
Holy Name Catholic Church,ChIJRQTz5BT3XIYRRWCYvXFOU9g,"29.3617161, -98.4215035","['church', 'place_of_worship', 'point_of_interest', 'establishment']",7,0,0,0,0,0
Alamo Bike Shop,ChIJP10QWlpfXIYR4MIdqS2yBQE,"29.4367493, -98.508066","['bicycle_store', 'point_of_interest', 'store', 'establishment']",20,1,0,1,0,0
Walmart Supercenter,ChIJMeIU1Y1eXIYR2KctlqUqTt0,"29.45853589999999, -98.55338959999999","['department_store', 'supermarket', 'grocery_or_supermarket', 'electronics_store', 'home_goods_store', 'food', 'point_of_interest', 'clothing_store', 'store', 'establishment']",20,0,0,0,0,0
Magys Tamales & Barbacoa,ChIJTafmZx1cXIYRCNg_p0MecsU,"29.4328695, -98.5725738","['restaurant', 'food', 'point_of_interest', 'store', 'establishment']",20,0,0,0,0,0
Mission Trails RV,ChIJjY7eGG_3XIYRvggTH6UK9HE,"29.3510378, -98.42583250000001","['rv_park', 'lodging', 'car_dealer', 'car_repair', 'storage', 'point_of_interest', 'store', 'establishment']",20,0,0,0,0,0
Sasha's European Market,ChIJLy8UuR9eXIYR7m4A_vdo-vA,"29.5127083, -98.5515939","['grocery_or_supermarket', 'supermarket', 'food', 'point_of_interest', 'store', 'establishment']",18,0,0,0,0,0
DICK'S Sporting Goods,ChIJP1NdobVZXIYRmo_INfsPb1Q,"29.3550676, -98.5289335","['shoe_store', 'bicycle_store', 'point_of_interest', 'clothing_store', 'store', 'establishment']",20,0,0,1,0,0
Rodriguez Radiator Shop,ChIJpdmGzrBeXIYR6FsEFRC6YO4,"29.4306859, -98.55607859999999","['car_repair', 'point_of_interest', 'store', 'establishment']",20,0,0,0,0,0
San Antonio Bike Shop,ChIJZSTeZPH1XIYRSWrjUpx1axs,"29.4428908, -98.4766361","['bicycle_store', 'point_of_interest', 'store', 'establishment']",20,0,0,0,0,0
Mr. & Mrs. G's Homecooking,ChIJsdtdMNH2XIYRW-1aPeRwnhQ,"29.3911084, -98.40419159999999","['restaurant', 'food', 'point_of_interest', 'establishment']",19,0,0,0,0,0
Target Grocery,ChIJW-V9u2NfXIYRUXpmnrt22Ik,"29.4928534, -98.55134249999999","['grocery_or_supermarket', 'supermarket', 'food', 'point_of_interest', 'store', 'establishment']",20,0,0,1,0,0
Brothers Auto Parts,ChIJM4ZBohtaXIYRjolGCogq8cg,"29.3427059, -98.5790624","['car_repair', 'point_of_interest', 'store', 'establishment']",2,0,0,0,0,0
Ancira Winton Chevrolet,ChIJs8cKUb1dXIYRfBn0CAbH_eg,"29.4857959, -98.605536","['car_dealer', 'car_repair', 'point_of_interest', 'store', 'establishment']",20,0,0,0,0,0
Car-X Tire & Auto,ChIJIeMFR29nXIYR3n5seDZP1qE,"29.522652, -98.60030719999999","['car_repair', 'point_of_interest', 'store', 'establishment']",20,0,0,0,0,0
Martinez Tire & Muffler Shop,ChIJ5WoMrC-LXIYRLRl21W67_2I,"29.5295747, -98.43201979999999","['car_repair', 'point_of_interest', 'store', 'establishment']",8,0,0,0,0,0
Discount Tire,ChIJnZxtfphdXIYRKbVh6bo8D3s,"29.4875359, -98.6075777","['car_repair', 'point_of_interest', 'store', 'establishment']",20,0,0,0,0,0
Mission San Jose Church Parish Offices,ChIJzWSRpd73XIYRD_YdnLirnss,"29.36217340000001, -98.4787698","['tourist_attraction', 'church', 'place_of_worship', 'point_of_interest', 'establishment']",20,0,0,0,0,0
Burger King,ChIJM8cNynH3XIYRoFmVsJtk4YI,"29.3515405, -98.4304726","['restaurant', 'food', 'point_of_interest', 'establishment']",20,0,0,0,0,0
O'Reilly Auto Parts,ChIJBYx7pLReXIYR_rBCQJAQ-18,"29.4164716, -98.55638189999999","['electronics_store', 'car_repair', 'point_of_interest', 'store', 'establishment']",20,0,0,0,0,0
4 M Auto Supply Inc,ChIJYbTKfgFcXIYRZ40Fg7IvOo8,"29.4262449, -98.5747044","['car_repair', 'point_of_interest', 'store', 'establishment']",20,0,0,0,0,0
St. Francis Episcopal Church,ChIJGXdUNrRgXIYR_qb37bYtp54,"29.5319142, -98.5681872","['church', 'place_of_worship', 'point_of_interest', 'establishment']",20,0,0,0,0,0
Redeemer Presbyterian Church,ChIJkWGGU5f1XIYR6TemJYGpWT0,"29.432893, -98.48903","['church', 'place_of_worship', 'point_of_interest', 'establishment']",20,0,0,1,0,0
Texas Alternator Starter Service,ChIJnW7aQuPzXIYRIhEU5U6WIzg,"29.4367267, -98.3838207","['car_repair', 'point_of_interest', 'store', 'establishment']",3,0,0,0,0,0
La Fonda On Main,ChIJ-QHSFWZfXIYRsvm79z3Fvc4,"29.4525282, -98.49416889999999","['bar', 'restaurant', 'food', 'point_of_interest', 'establishment']",20,0,0,0,0,0
Ancira Nissan,ChIJ_4MRBTNnXIYRe5wYtKke8U0,"29.5434863, -98.5753763","['car_dealer', 'car_repair', 'point_of_interest', 'store', 'establishment']",20,0,0,0,0,0
Charles A James Bicycle Shop,ChIJ6eMp9VJfXIYRwXDfo1JLdwQ,"29.427969, -98.49395899999999","['bicycle_store', 'point_of_interest', 'store', 'establishment']",20,0,0,0,0,0
Myung Ga Won,ChIJS87S-YX0XIYRJGMsKX-6ACw,"29.483679, -98.407395","['restaurant', 'food', 'point_of_interest', 'establishment']",20,0,0,0,0,0
Paloma Blanca Mexican Cuisine,ChIJgzjFa3P1XIYRxMjBPN1YmlY,"29.4797671, -98.4635457","['bar', 'restaurant', 'food', 'point_of_interest', 'establishment']",20,0,0,0,0,0
Luby's,ChIJbVDlWkpZXIYRNF3ovkQLR90,"29.417507, -98.55375","['restaurant', 'food', 'point_of_interest', 'establishment']",20,0,0,0,0,0
Golden Wok,ChIJgX5TabJgXIYRvx86OFZH8aI,"29.5245521, -98.5678849","['restaurant', 'food', 'point_of_interest', 'establishment']",20,0,0,0,0,0
Jerry's Auto Services,ChIJ60hXyBhYXIYR52GUodOQV4E,"29.3385189, -98.5042247","['car_dealer', 'car_repair', 'point_of_interest', 'store', 'establishment']",18,0,0,0,0,0
Kingdom Hall of Jehovah's Witnesses,ChIJxx8NRVr2XIYRVywoxdjZOAU,"29.3955195, -98.4479874","['church', 'place_of_worship', 'point_of_interest', 'establishment']",6,0,0,0,0,0
San Antonio Used Auto Parts,ChIJD7TYlQtaXIYRLGZL3dBiSSE,"29.3310222, -98.5914459","['car_repair', 'point_of_interest', 'store', 'establishment']",0,0,0,0,0,0
Target Grocery,ChIJc-eYxR9hXIYRNNBCmHZCdKI,"29.5165335, -98.505023","['grocery_or_supermarket', 'supermarket', 'food', 'point_of_interest', 'store', 'establishment']",20,0,0,1,0,0
The Republic of Texas Restaurant,ChIJidh_fqtYXIYRERJze23-ahk,"29.42425359999999, -98.4884141","['bar', 'restaurant', 'food', 'point_of_interest', 'establishment']",20,0,0,0,0,0
Subway,ChIJt2hJJKz3XIYRKv2B4fwfXlE,"29.377027, -98.4471525","['meal_takeaway', 'restaurant', 'food', 'point_of_interest', 'establishment']",12,0,0,0,0,0
Gonzalez Auto Parts #07,ChIJpYr6hpZZXIYRwc0ytHxxACM,"29.35817699999999, -98.553112","['car_repair', 'point_of_interest', 'store', 'establishment']",20,0,0,0,0,0
Hub Mrkt,ChIJmYZ--yRZXIYRYx30c0t8Z8Q,"29.411729, -98.49357200000001","['bicycle_store', 'point_of_interest', 'store', 'establishment']",20,0,0,1,0,0
Alamo Heights United Methodist Church,ChIJCXCyLUP1XIYRwg27uAXACto,"29.49852479999999, -98.473418","['church', 'place_of_worship', 'point_of_interest', 'establishment']",20,0,1,1,0,0
Family Dollar,ChIJo_2t-jpdXIYRwb0JoRzlUm0,"29.4885179, -98.6003502","['supermarket', 'grocery_or_supermarket', 'liquor_store', 'food', 'point_of_interest', 'clothing_store', 'store', 'establishment']",20,0,0,1,0,0
San Antonio Auto Parts Surplus,ChIJpZHtU92MXIYR8heSEwJKlIQ,"29.5321273, -98.39165039999999","['car_repair', 'point_of_interest', 'establishment']",4,0,0,0,0,0
Ruben's Garage,ChIJYbTKfgFcXIYRy1ds9YQYWaI,"29.4258254, -98.5757502","['car_repair', 'point_of_interest', 'establishment']",20,0,0,0,0,0
PROCARE COLLISION CENTER - FAIRDALE,ChIJu90u4YT0XIYRMW_fka4Fk_4,"29.4864169, -98.4045664","['car_repair', 'point_of_interest', 'establishment']",20,0,0,0,0,0
The Barbecue Station,ChIJf5W0Cdb0XIYR_OJVSkJZmsE,"29.51484, -98.439495","['restaurant', 'food', 'point_of_interest', 'establishment']",5,0,0,0,0,0
Taqueria Jalisco #5,ChIJWWTfhbFZXIYRfDeKyUMNlVk,"29.3619253, -98.5335995","['restaurant', 'food', 'point_of_interest', 'establishment']",20,0,0,0,0,0
Big O Tires,ChIJpWTOorxdXIYR0bZkPHRCj30,"29.4820711, -98.6039311","['car_repair', 'point_of_interest', 'store', 'establishment']",20,0,0,0,0,0
Shisha Cafe,ChIJRZUT32ZnXIYReqzJUDZEfuM,"29.51682989999999, -98.5976084","['restaurant', 'food', 'point_of_interest', 'establishment']",20,0,0,0,0,0
Family Dollar,ChIJ9Zw9mdZdXIYRPWFSV80G7o0,"29.4725232, -98.5757502","['supermarket', 'grocery_or_supermarket', 'liquor_store', 'food', 'point_of_interest', 'clothing_store', 'store', 'establishment']",16,0,0,0,0,0
Little Caesars Pizza,ChIJOcd0p05ZXIYR-t83ij-UKcw,"29.4152145, -98.5566558","['meal_delivery', 'meal_takeaway', 'restaurant', 'food', 'point_of_interest', 'establishment']",20,0,0,0,0,0
St. John's Lutheran Church,ChIJu4ChCqxYXIYR-uMBVgIWlwI,"29.4203703, -98.4896916","['church', 'place_of_worship', 'point_of_interest', 'establishment']",20,0,0,0,0,0
North Park Lincoln,ChIJEbiQlw5gXIYRpxVWtuz_XV4,"29.524297, -98.499586","['car_dealer', 'car_repair', 'point_of_interest', 'store', 'establishment']",20,0,0,0,0,0
Biga on the Banks - San Antonio Riverwalk Restaurant,ChIJU9YM56xYXIYRA5hAR9gMf94,"29.423704, -98.492007","['bar', 'restaurant', 'food', 'point_of_interest', 'establishment']",20,0,0,0,0,0
Family Dollar,ChIJSZpoMRhYXIYR-YsGz83wpjE,"29.3433699, -98.50288669999999","['supermarket', 'grocery_or_supermarket', 'food', 'point_of_interest', 'clothing_store', 'store', 'establishment']",18,0,0,0,0,0
Circle K,ChIJG9SjHAJcXIYRFQyJYLF7wyU,"29.4262376, -98.5727307","['gas_station', 'convenience_store', 'meal_takeaway', 'cafe', 'restaurant', 'food', 'point_of_interest', 'store', 'establishment']",20,0,0,0,0,0
Steadfast Apostolic Church,ChIJQzc7qySKXIYRuinDUJcYndI,"29.409439, -98.40882479999999","['church', 'place_of_worship', 'point_of_interest', 'establishment']",10,0,0,0,0,0
Papa's Burgers In God We Trust,ChIJu3vWAApcXIYRdkXlOf5LdVY,"29.4125019, -98.5740486","['restaurant', 'food', 'point_of_interest', 'establishment']",10,0,0,0,0,0
United Auto Parts,ChIJ14_S_YT0XIYR-BrOWfRPSf0,"29.4859345, -98.40437759999999","['car_repair', 'point_of_interest', 'store', 'establishment']",20,0,0,0,0,0
"Rent-A-Tire Custom Wheels & Tires in San Antonio, TX",ChIJI1w8Jc_2XIYRo4-jMSlieFE,"29.4015726, -98.4046752","['car_repair', 'point_of_interest', 'store', 'establishment']",20,0,0,0,0,0
Money Mart Pawn & Jewelry 29,ChIJwyPPGwb4XIYROeA17-7VOJI,"29.3228557, -98.4798711","['jewelry_store', 'finance', 'bicycle_store', 'electronics_store', 'home_goods_store', 'point_of_interest', 'store', 'establishment']",20,0,0,0,0,0
The Esquire Tavern,ChIJSzUPzqxYXIYRVJL3H4NAr14,"29.4247082, -98.4917718","['bar', 'restaurant', 'food', 'point_of_interest', 'establishment']",20,0,0,0,0,0
Formosa Garden,ChIJV70yjDT1XIYRlKRfIyRobZk,"29.5170153, -98.45795419999999","['restaurant', 'food', 'point_of_interest', 'establishment']",20,0,0,0,0,0
Bring Your Own Parts,ChIJlV2bFHZdXIYRyRmVgWf9Kdw,"29.4934388, -98.61716539999999","['car_repair', 'point_of_interest', 'establishment']",18,1,0,1,0,0
Tacos Martinez,ChIJkSYBFrBeXIYR2Zs2mWzphQM,"29.4310941, -98.5601506","['restaurant', 'food', 'point_of_interest', 'establishment']",20,0,0,0,0,0
Family Dollar,ChIJg0uk3GjzXIYRpqFMA_WJLqM,"29.4960267, -98.3838621","['supermarket', 'grocery_or_supermarket', 'liquor_store', 'food', 'point_of_interest', 'clothing_store', 'store', 'establishment']",6,0,0,0,0,0
Korean American Cultural Center of San Antonio,ChIJ87mWouz0XIYRhRY7V3u1YGo,"29.492321, -98.4167861","['church', 'place_of_worship', 'point_of_interest', 'establishment']",6,0,0,0,0,0
Iglesia Ni Cristo - Locale of Universal City,ChIJaSc5FqCSXIYRlvigqNl5dO8,"29.4294348, -98.4075234","['church', 'place_of_worship', 'point_of_interest', 'establishment']",18,0,0,0,0,0
Tieken Auto Services,ChIJHaKPJqj2XIYRbmn1sCQ74Ak,"29.430222, -98.40601199999999","['car_repair', 'point_of_interest', 'store', 'establishment']",18,0,0,0,0,0
Good Shepherd Lutheran Church,ChIJs-vNS6b3XIYR7jaaQtEQUr0,"29.3698778, -98.4436705","['church', 'place_of_worship', 'point_of_interest', 'establishment']",20,0,0,1,0,0
Yang's Auto Repair,ChIJpZHtU92MXIYRz9Gn88pkBso,"29.526262, -98.393987","['car_repair', 'point_of_interest', 'establishment']",4,0,0,0,0,0
Caliber Collision,ChIJXb9d1Zv3XIYRj1twtCY03RI,"29.3544314, -98.44995589999999","['car_repair', 'point_of_interest', 'establishment']",20,0,0,0,0,0
Family Dollar,ChIJu9vl11VaXIYRY8GbjV8D-eg,"29.3651624, -98.6161104","['supermarket', 'grocery_or_supermarket', 'food', 'point_of_interest', 'clothing_store', 'store', 'establishment']",2,0,0,0,0,0
Freedom Fellowship Church International,ChIJ_bKm9CFeXIYRxClWL3JT54M,"29.5169122, -98.5472726","['church', 'place_of_worship', 'point_of_interest', 'establishment']",12,0,0,0,0,0
A Touch of Holy Land,ChIJEVQIqbVZXIYR2yorSXqp_Es,"29.3556933, -98.5308465","['church', 'place_of_worship', 'point_of_interest', 'establishment']",20,0,0,1,0,0
Bike World,ChIJjyO-KHVYXIYRh2bdRlLCOUc,"29.3570446, -98.4867332","['bicycle_store', 'point_of_interest', 'store', 'establishment']",20,0,0,0,0,0
The Cheesecake Factory,ChIJiRijxglgXIYRQmyU2owRL_Q,"29.5189203, -98.49545479999999","['restaurant', 'meal_takeaway', 'food', 'point_of_interest', 'establishment']",20,0,0,0,0,0
Pyron Ave Baptist Church,ChIJGRnJE3ZYXIYRGxaQMbx0Y20,"29.363198, -98.485346","['church', 'place_of_worship', 'point_of_interest', 'establishment']",20,0,0,0,0,0
"Hydradyne, LLC",ChIJQ9qkzjD0XIYRALv2WG79yUc,"29.353967, -98.4019782","['car_repair', 'point_of_interest', 'store', 'establishment']",1,0,0,0,0,0
St. George Episcopal Church,ChIJXeoAuWNgXIYRl7IxWhmzRaU,"29.5312243, -98.52365019999999","['church', 'place_of_worship', 'point_of_interest', 'establishment']",18,0,0,0,0,0
First Presbyterian Church,ChIJPT8xh1VfXIYRHHgyK9EjfXM,"29.4289208, -98.4840048","['church', 'place_of_worship', 'point_of_interest', 'establishment']",20,0,0,1,0,0
Family Dollar,ChIJmaBmGhtcXIYRZXPHxiiIeEQ,"29.4329384, -98.57987109999999","['supermarket', 'grocery_or_supermarket', 'liquor_store', 'food', 'point_of_interest', 'clothing_store', 'store', 'establishment']",15,0,0,0,0,0
Inspirational Church,ChIJL2mF1bb2XIYRaLYHeTObukM,"29.42333319999999, -98.40355579999999","['church', 'place_of_worship', 'point_of_interest', 'establishment']",18,0,0,0,0,0
Herstyler,ChIJEVQIqbVZXIYRBE9zAo3219Q,"29.3554459, -98.5312117","['restaurant', 'food', 'point_of_interest', 'establishment']",20,0,0,1,0,0
Olive Garden Italian Restaurant,ChIJkbKUxaldXIYReFQGlscHF0E,"29.4711614, -98.6152194","['meal_takeaway', 'bar', 'restaurant', 'food', 'point_of_interest', 'establishment']",20,0,0,0,0,0
El Pollo Loco,ChIJ-cRxEbdeXIYRKAEGDnfHEpk,"29.43098600000001, -98.55377999999999","['restaurant', 'food', 'point_of_interest', 'establishment']",20,0,0,0,0,0
USA Auto Repair,ChIJD9LB9Ev2XIYRumXc4Wd4nSk,"29.3853758, -98.4571771","['car_repair', 'point_of_interest', 'establishment']",20,0,0,0,0,0
First Baptist Church of San Antonio,ChIJ_9PBflZfXIYRA7M2ysoSb_A,"29.431094, -98.4870696","['church', 'place_of_worship', 'point_of_interest', 'establishment']",20,0,0,1,0,0
First United Pentecostal Church,ChIJIZRmVHX3XIYRwAM3HuxAdIA,"29.3592165, -98.44008199999999","['church', 'place_of_worship', 'point_of_interest', 'establishment']",20,0,0,1,0,0
Family Dollar,ChIJB1WTTy73XIYRI60t45ASF1U,"29.3753125, -98.4039026","['supermarket', 'grocery_or_supermarket', 'food', 'point_of_interest', 'clothing_store', 'store', 'establishment']",6,0,0,0,0,0
AutoZone Auto Parts,ChIJFYS3lHT2XIYRcV7az3EHShs,"29.4229646, -98.4605737","['car_repair', 'point_of_interest', 'store', 'establishment']",20,0,0,0,0,0
Alanis Radiator Service,ChIJcQ-Dzk5ZXIYRq4SA4Jgl2LI,"29.41338, -98.555955","['car_repair', 'point_of_interest', 'store', 'establishment']",20,0,0,0,0,0
Pappadeaux Seafood Kitchen,ChIJYSzf5ABgXIYRJoQwCpReeOA,"29.5196243, -98.48814809999999","['restaurant', 'food', 'point_of_interest', 'establishment']",20,0,0,0,0,0
AMF Ponderosa Lanes,ChIJqaUJEgr3XIYRwHtRAji6NPA,"29.364425, -98.439003","['bowling_alley', 'bar', 'restaurant', 'food', 'point_of_interest', 'establishment']",20,0,0,1,0,0
Family Dollar,ChIJXc-PJXBYXIYRvZ9X3om7PV8,"29.3653011, -98.4949982","['supermarket', 'grocery_or_supermarket', 'food', 'point_of_interest', 'clothing_store', 'store', 'establishment']",20,0,0,0,0,0
Little Church of La Villita,ChIJTXSlkKtYXIYR26IHQ34hO1U,"29.421639, -98.4885719","['tourist_attraction', 'church', 'place_of_worship', 'point_of_interest', 'establishment']",20,0,0,0,0,0
Jim's Loop Auto Repair,ChIJOTKv-OL3XIYR2YxTVdpoDig,"29.3479182, -98.48182919999999","['car_repair', 'point_of_interest', 'establishment']",20,0,0,0,0,0
Red Lobster,ChIJ81AK5VfzXIYREQugVkvQQ0g,"29.512894, -98.396231","['bar', 'restaurant', 'food', 'point_of_interest', 'establishment']",20,0,0,1,0,0
Byrider San Antonio South,ChIJ49eAHr5ZXIYRa6yIKgS7Ls0,"29.35689899999999, -98.549942","['finance', 'car_dealer', 'car_repair', 'point_of_interest', 'store', 'establishment']",20,0,0,0,0,0
Argen Glass,ChIJafmmhDD0XIYRQpNHHh2JIkk,"29.4450049, -98.42721979999999","['car_repair', 'general_contractor', 'point_of_interest', 'establishment']",2,0,0,0,0,0
Iglesia de la fe en Cristo Jes√∫s agua de vida,ChIJQ6FD5qZfXIYRZGRaYboEa28,"29.42168539999999, -98.56200229999999","['church', 'place_of_worship', 'point_of_interest', 'establishment']",20,0,0,0,0,0
Las Americas Latin Market,ChIJgQwfH-xfXIYRspxxxPCj9Rw,"29.499284, -98.4995667","['grocery_or_supermarket', 'supermarket', 'finance', 'travel_agency', 'food', 'point_of_interest', 'store', 'establishment']",20,0,0,0,0,0
Walmart Supercenter,ChIJO5MSdFX1XIYRuwOiZ7cZwGQ,"29.5147654, -98.4818457","['department_store', 'supermarket', 'grocery_or_supermarket', 'electronics_store', 'home_goods_store', 'food', 'point_of_interest', 'clothing_store', 'store', 'establishment']",18,0,0,0,0,0
A1 Auto Complete Automotive Repair,ChIJK7ZNrgZcXIYRwWPk3qb06OQ,"29.424752, -98.5780896","['car_repair', 'point_of_interest', 'establishment']",18,0,0,0,0,0
Advance Auto Parts,ChIJcReE1nP3XIYRnX4_sSQbNq0,"29.3546767, -98.43250169999999","['car_repair', 'point_of_interest', 'store', 'establishment']",20,0,0,0,0,0
Panda Express,ChIJ5UIjwrRZXIYRCdwgCT1b_Cs,"29.3571489, -98.5290629","['restaurant', 'food', 'point_of_interest', 'establishment']",20,0,0,1,0,0
Jefe's Auto Inspection,ChIJYbTKfgFcXIYRVZCTksUFjfI,"29.4258395, -98.57374639999999","['car_repair', 'point_of_interest', 'store', 'establishment']",20,0,0,0,0,0
Family Dollar,ChIJYbTKfgFcXIYRjdp7-WIJBDI,"29.4285622, -98.5664528","['supermarket', 'grocery_or_supermarket', 'food', 'point_of_interest', 'clothing_store', 'store', 'establishment']",20,0,0,0,0,0
Subway,ChIJnY1co3H3XIYRhSbLZxzDPVk,"29.3523282, -98.43165069999999","['meal_takeaway', 'restaurant', 'food', 'point_of_interest', 'establishment']",20,0,0,0,0,0
The Door Christian Fellowship Church,ChIJRYnjhlFZXIYRnOZJLCa9C1Q,"29.4147666, -98.56342649999999","['church', 'place_of_worship', 'point_of_interest', 'establishment']",20,0,0,0,0,0
Walmart Supercenter,ChIJdxOZWUfzXIYRdsmOnI4py3g,"29.50802949999999, -98.37504200000001","['department_store', 'supermarket', 'grocery_or_supermarket', 'electronics_store', 'home_goods_store', 'food', 'point_of_interest', 'clothing_store', 'store', 'establishment']",20,0,0,0,0,0
Electronics 2000,ChIJ-7Y87u5fXIYRTvNk7PZAh_Y,"29.50154319999999, -98.498898","['electronics_store', 'car_repair', 'point_of_interest', 'store', 'establishment']",20,0,0,0,0,0
99 Cents Only Stores,ChIJ_z6rVLJdXIYRdSSWLqC0OeA,"29.467127, -98.6014","['supermarket', 'grocery_or_supermarket', 'furniture_store', 'home_goods_store', 'food', 'point_of_interest', 'store', 'establishment']",16,0,0,0,0,0
Shepherd of The Hills Church of God,ChIJxTx_BZv0XIYRVqpOtgafNxs,"29.4907932, -98.4042559","['church', 'place_of_worship', 'point_of_interest', 'establishment']",20,0,0,0,0,0
"Dr. Robin Church-Hajduk, MD",ChIJlzD2q1FfXIYR0U8G1119BtM,"29.4336837, -98.4926201","['church', 'place_of_worship', 'point_of_interest', 'establishment']",20,0,0,1,0,0
Abundant Life Events,ChIJnTW5LQZcXIYRh5hg8Ah2-bc,"29.4220493, -98.5823566","['church', 'place_of_worship', 'point_of_interest', 'establishment']",14,0,0,0,0,0
Vara Chevrolet,ChIJ4QGhhcZZXIYRaruHNTcrfjw,"29.3484025, -98.54300549999999","['car_dealer', 'car_repair', 'point_of_interest', 'store', 'establishment']",20,0,0,0,0,0
Center For Faith In the Wrkplc,ChIJK0hz9NL0XIYRQF_UOHtKREM,"29.5203324, -98.43121090000001","['church', 'place_of_worship', 'point_of_interest', 'establishment']",5,0,0,0,0,0
Bethany First Baptist Church,ChIJN28wAKL2XIYRSEYUY1OOrZk,"29.423852, -98.41828339999999","['church', 'place_of_worship', 'point_of_interest', 'establishment']",6,1,0,0,0,0
Mama Margie's Mexican Restaurant,ChIJV0FQDrZZXIYR7-A6c3R4Qos,"29.353744, -98.53459439999999","['restaurant', 'food', 'point_of_interest', 'establishment']",20,0,0,0,0,0
Babe's Old Fashioned Food,ChIJh7Jc02peXIYRZEx4lapdEtk,"29.49035469999999, -98.55200269999999","['restaurant', 'food', 'point_of_interest', 'establishment']",20,0,0,1,0,0
Mia Shop,ChIJExIiRmhYXIYRbCOdKYIpYd4,"29.36478, -98.504218","['car_repair', 'point_of_interest', 'store', 'establishment']",20,0,0,0,0,0
Hosack Avenue Baptist Church,ChIJvbS-5gBZXIYRWA8R6ipmh20,"29.379161, -98.5321003","['church', 'place_of_worship', 'point_of_interest', 'establishment']",20,0,0,0,0,0
Blessed Life Christian Church,ChIJ2w_w51rzXIYRU_BeymaMIc0,"29.51124029999999, -98.3871751","['church', 'place_of_worship', 'point_of_interest', 'establishment']",20,0,0,0,0,0
Family Dollar,ChIJVexWIbP0XIYRrDVvMlpeTgs,"29.52142710000001, -98.4104126","['supermarket', 'grocery_or_supermarket', 'food', 'point_of_interest', 'clothing_store', 'store', 'establishment']",20,1,0,1,0,0
Fellowship Bible Church,ChIJs2PYQGVnXIYRWDB2FuWGIlg,"29.5206038, -98.60455859999999","['church', 'place_of_worship', 'point_of_interest', 'establishment']",20,0,0,0,0,0
B R Tire Shop,ChIJhXbrFLReXIYRwnzwFju1ZTg,"29.425598, -98.5544778","['car_repair', 'point_of_interest', 'store', 'establishment']",20,0,0,0,0,0
Chacho's,ChIJE2xP7h5eXIYRc3WuIFF_pHA,"29.5096088, -98.5536774","['restaurant', 'food', 'point_of_interest', 'establishment']",20,0,0,0,0,0
San Antonio Aquarium,ChIJ3euEkJhdXIYRukQGb-uRxKU,"29.4871014, -98.6097745","['aquarium', 'tourist_attraction', 'museum', 'point_of_interest', 'establishment']",20,1,0,0,0,0
Sonic Drive-In,ChIJA-5EIHD3XIYRTFlxNjMrYgo,"29.3501565, -98.4296675","['restaurant', 'food', 'point_of_interest', 'store', 'establishment']",20,0,0,0,0,0
Wingstop,ChIJg8dCxTDxXIYRw0cu1Mjx_pk,"29.4025949, -98.3875016","['restaurant', 'food', 'point_of_interest', 'establishment']",20,0,0,0,0,0
